id	var	predicate	prob
x	gcd	$ == null	0.23641109
x	gcd	$ != null	0.155062101
x	num	$ == null	0.100538449
x	num	$ != null	0.0885772858
x	gcd	$ > 0	0.0102908105
