x	gcd	$ == null	0.331340
		$ != null	0.217326
		$ > 0	0.014423
		$.length == 0	0.012541
		i < $.length	0.007602
		$ >= 0	0.006028
		$ < 0	0.005132
		$ != 0	0.004578
		i < $	0.004485
		$	0.003155
x	num	$ == null	0.234410
		$ != null	0.206522
		$ > 0	0.015969
		$ == 0	0.014904
		$.length == 0	0.008861
		i < $.length	0.007040
		i < $	0.006734
		$ < 0	0.005101
		$ != 0	0.004537
		$	0.003989
