id	var	predicate	prob
x	length	i < $	0.2303752444
x	length	$ > 0	0.0407784888
x	length	$ < 0	0.039873568
x	length	$ >= 0	0.0230097112
x	length	k < $	0.0220097024
x	length	j < $	0.0210049392
x	length	$ == 0	0.019726798
x	length	$ <= 0	0.0139232604
