x	length	i < $	0.290731
		$ > 0	0.051462
		$ < 0	0.050320
		$ >= 0	0.029038
		k < $	0.027776
		j < $	0.026508
		$ == 0	0.024895
		$ <= 0	0.017571
		$ < n	0.011847
		$ != 0	0.010524
